{
  "products": [
    {
      "id": "0efefccad14797535066c513d1abd592",
      "title": "Producto555555",
      "description": "Polera a rayas de invierno",
      "category": "Ropa",
      "price": "30.18",
      "discount": "0.2",
      "rating": "6",
      "stock": "9",
      "brand": "O'Neill",
      "weight": "3000"
    },
    {
      "id": "67b3b48b6ad4c53b3e5cb857cc15d5d8",
      "title": "Producto4",
      "description": "Suéter naranja con mangas azules",
      "category": "Ropa",
      "price": "60.5",
      "discount": "0.05",
      "rating": "5",
      "stock": "10",
      "brand": "Basement",
      "weight": "200"
    },
    {
      "id": "0875489e17d497403de3f0aed1f99e4b",
      "title": "Producto3",
      "description": "Abrigo de invierno marrón",
      "category": "Ropa",
      "price": "34.5",
      "discount": "0.05",
      "rating": "5",
      "stock": "10",
      "brand": "Hungtington",
      "weight": "400"
    },
    {
      "id": "bdc5c376da37045800c45c13b76051b8",
      "title": "Producto2",
      "description": "Pantalón verde polar a cuadros",
      "category": "Ropa",
      "price": "14.5",
      "discount": "0.05",
      "rating": "3",
      "stock": "10",
      "brand": "Hungtington",
      "weight": "100"
    },
    {
      "id": "469ab0413caf6541103028a059b871fa",
      "title": "Producto1",
      "description": "Camisa blanca de verano",
      "category": "Ropa",
      "price": "24.5",
      "discount": "0.05",
      "rating": "4",
      "stock": "20",
      "brand": "Lacroix",
      "weight": "200"
    }
  ]
}