{
  "publications": [
    {
      "id": "806253475960535b7234dcc049c69762",
      "title": "Nueva noticia de hoy",
      "body": "Esto es el contenido de una noticia del día de hoy que es muy interesante",
      "views": "0",
      "userId": "4456"
    },
    {
      "id": "579e524db3fd905db25c63b840905cbb",
      "title": "Segunda Publicación",
      "body": "He was an expert but not in a discipline that anyone could fully appreciate. He knew how to hold the cone just right so that the soft server ice-cream fell into it at the precise angle to form a perfect cone each and every time. It had taken years to perfect and he could now do it without even putting any thought behind it.",
      "views": "12",
      "userId": "9999999"
    },
    {
      "id": "240a39c8955ec28dba2c9b301b42710e",
      "title": "Primera Publicación",
      "body": "His mother had always taught him not to ever think of himself as better than others. He'd tried to live by this motto. He never looked down on those who were less fortunate or who had less money than him. But the stupidity of the group of people he was talking to made him change his mind.",
      "views": "114",
      "userId": "80"
    }
  ]
}